2022-02-16 19:06:54.229928,test69,net3c,simple_secaas-medium_secaas,7,12,4,12,sa,72,-,-,0.2185821533203125,--,-,-,-,-,-,33.0,0.007369041442871094,-,100,-
2022-02-16 19:07:04.464193,test69,net3c,simple_secaas-medium_secaas,7,12,4,12,tabu,72,-,2.118727207183838,-,--,-,-,-,-,-,33.0,0.009493827819824219,-,100,-
2022-02-16 19:07:36.549972,test69,net3c,simple_secaas-medium_secaas,7,12,4,12,qa,72,288,-,-,186872.8,181767.8,8447.8,173320.0,5105.0,150,92.0,0.007569789886474609,50.0,1000,983f27e7-5720-4242-9b43-66470ecb1c36
2022-02-16 19:08:34.809469,test69,net3c,simple_secaas-medium_secaas,7,12,4,12,qa,72,315,-,-,1816237.0,1766447.0,8447.0,1758000.0,49790.0,150,33.0,0.010471105575561523,50.0,10000,c568fb37-786e-4495-a61e-138494b76469
2022-02-16 14:30:05.619895,test55,net3c,x4medium_secaas,7,12,4,12,sa,192,-,-,0.5547337532043457,--,-,-,-,-,-,96.0,0.05598807334899902,-,100,-
2022-02-16 14:31:00.686203,test55,net3c,x4medium_secaas,7,12,4,12,qa,192,876,-,-,33916.6,27944.6,8452.6,19492.0,5972.0,150,778.0,0.054846763610839844,20.0,100,10eba3b2-259f-4b2f-ad80-42f077b7c42a
2022-02-16 14:32:48.517356,test55,net3c,x4medium_secaas,7,12,4,12,qa,192,921,-,-,258271.8,239709.8,8449.8,231260.0,18562.0,200,213.0,0.05007314682006836,20.0,1000,01f49ba0-9200-4cde-a1bf-9b51a945dc47
2022-02-16 14:33:41.636574,test55,net3c,x4medium_secaas,7,12,4,12,qa,192,909,-,-,193133.2,172734.2,8454.2,164280.0,20399.0,250,634.0,0.06067991256713867,20.0,1000,b8e8c4b9-eb31-4b32-87c9-81b3d20fda96
2022-02-16 14:35:02.276819,test55,net3c,x4medium_secaas,7,12,4,12,qa,192,878,-,-,2101903.8,1954651.8,8451.8,1946200.0,147252.0,200,447.0,0.04772377014160156,20.0,10000,70a486c8-c9e9-4ec1-9dc4-bad33b7dfe2e
2022-02-16 14:39:29.298179,test55,net3c,x4medium_secaas,7,12,4,12,qa,192,881,-,-,2149894.6,1975450.6,8450.6,1967000.0,174444.0,200,420.0,0.0520172119140625,20.0,10000,c981285f-51a1-4e97-bd74-beeece8baf81
2022-02-16 16:02:37.447155,test55,net3c,x4medium_secaas,7,12,4,12,qa,192,875,-,-,194578.2,172426.2,8446.2,163980.0,22152.0,150,637.0,0.07463693618774414,20.0,1000,314a44e0-8db0-4944-af6a-b654b5be8d4b
2022-02-16 16:06:03.356286,test55,net3c,x4medium_secaas,7,12,4,12,qa,192,921,-,-,2579346.0,2407251.0,8451.0,2398800.0,172095.0,100,1416.0,0.06331276893615723,20.0,10000,d013361a-5ec9-401c-a35d-a6fae71ddc10
2022-02-16 16:07:16.891116,test55,net3c,x4medium_secaas,7,12,4,12,qa,192,1004,-,-,2881755.2,2754846.2,8446.2,2746400.0,126909.0,150,527.0,0.06191372871398926,50.0,10000,fee3b909-faea-4bd9-9d0e-0271042803c4
2022-02-16 16:07:58.651092,test55,net3c,x4medium_secaas,7,12,4,12,sa,192,-,-,0.5440859794616699,--,-,-,-,-,-,96.0,0.04667186737060547,-,100,-
2022-02-16 16:08:00.395002,test55,net3c,x4medium_secaas,7,12,4,12,sa,192,-,-,0.4454531669616699,--,-,-,-,-,-,96.0,0.0460209846496582,-,100,-
2022-02-16 10:48:23.947669,test41,net3c,simple_secaas-medium_secaas,7,12,2,5,sa,72,-,-,0.1950678825378418,--,-,-,-,-,-,0.0,0.0066759586334228516,-,100,-
2022-02-16 10:48:40.106044,test41,net3c,simple_secaas-medium_secaas,7,12,2,5,tabu,72,-,2.127535104751587,-,--,-,-,-,-,-,0.0,0.007831096649169922,-,100,-
2022-02-16 10:49:18.907040,test41,net3c,simple_secaas-medium_secaas,7,12,2,5,qa,72,314,-,-,26603.8,22007.8,8449.8,13558.0,4596.0,100,250.0,0.0062749385833740234,10.0,100,5256b288-375d-407a-bc77-4d06e965a172
2022-02-16 10:49:47.617356,test41,net3c,simple_secaas-medium_secaas,7,12,2,5,qa,72,313,-,-,27239.8,21891.8,8451.8,13440.0,5348.0,150,100.0,0.009649038314819336,10.0,100,326fa36d-697e-45f6-82da-c4fbc3e19997
2022-02-16 10:50:19.641744,test41,net3c,simple_secaas-medium_secaas,7,12,2,5,qa,72,292,-,-,135720.4,129427.4,8447.4,120980.0,6293.0,150,50.0,0.0052988529205322266,10.0,1000,0050127f-ac2c-4b09-99c0-22fd9a57acdb
2022-02-16 10:50:51.117555,test41,net3c,simple_secaas-medium_secaas,7,12,2,5,qa,72,290,-,-,115472.6,109750.6,8450.6,101300.0,5722.0,175,50.0,0.009032011032104492,10.0,1000,e1cb77e9-4a77-4565-a3b7-1543c4d05006
2022-02-16 10:51:46.225903,test41,net3c,simple_secaas-medium_secaas,7,12,2,5,qa,72,304,-,-,738358.0,704551.0,8451.0,696100.0,33807.0,175,0.0,0.009182929992675781,10.0,5000,c2492635-7a1b-44e2-af87-a0a093a7f828
2022-02-17 11:17:02.390684,test82,net1,medium_secaas,5,8,1,3,sa,62,-,-,0.17861676216125488,--,-,-,-,-,-,0.0,0.004261016845703125,-,100,-
2022-02-17 11:17:28.173497,test82,net1,medium_secaas,5,8,1,3,qa,62,245,-,-,21404.8,20507.8,8451.8,12056.0,897.0,200,36.0,0.0021820068359375,40.0,100,dd2c6faa-dc5e-464b-9119-ccb53215ceef
2022-02-17 11:19:06.825387,test82,net1,medium_secaas,5,8,1,3,qa,62,203,-,-,23335.8,22585.8,8449.8,14136.0,750.0,100,18.0,0.0021228790283203125,40.0,100,01f0f336-ef11-40e4-b841-cb36e426fc4a
2022-02-17 11:19:33.759461,test82,net1,medium_secaas,5,8,1,3,qa,62,195,-,-,132513.0,124011.0,8451.0,115560.0,8502.0,100,14.0,0.004502058029174805,40.0,1000,49c09b1a-9e8f-4a9c-af7c-3187b946e3e9
2022-02-17 11:20:05.032824,test82,net1,medium_secaas,5,8,1,3,qa,62,217,-,-,1863232.6,1821650.6,8450.6,1813200.0,41582.0,100,10.0,0.0022177696228027344,40.0,10000,13259224-e247-4ed5-b1a5-0c90c48c1811
2022-02-17 11:21:52.808633,test82,net1,medium_secaas,5,8,1,3,qa,62,209,-,-,2042071.0,2001651.0,8451.0,1993200.0,40420.0,50,14.0,0.004686832427978516,40.0,10000,017a3318-6597-418a-8ef4-ff5569d7ddb4
2022-02-16 10:34:29.394580,test40,net3b,simple_secaas-medium_secaas,8,11,2,5,sa,132,-,-,0.37464284896850586,--,-,-,-,-,-,35.0,0.02980208396911621,-,100,-
2022-02-16 10:35:46.322200,test40,net3b,simple_secaas-medium_secaas,8,11,2,5,qa,132,1032,-,-,30226.4,25901.4,8453.4,17448.0,4325.0,150,249.0,0.01633000373840332,10.0,100,b1fa3909-d5d1-44de-9cc0-1edf4641f1ea
2022-02-16 10:37:19.805407,test40,net3b,simple_secaas-medium_secaas,8,11,2,5,qa,132,1111,-,-,232005.2,216970.2,8450.2,208520.0,15035.0,150,221.0,0.019270896911621094,10.0,1000,33752518-4867-42ff-b43d-99288f7dbe50
2022-02-16 10:38:38.375800,test40,net3b,simple_secaas-medium_secaas,8,11,2,5,qa,132,1029,-,-,242318.8,213099.8,8459.8,204640.0,29219.0,200,216.0,0.02732706069946289,10.0,1000,82627a30-d5c4-4d7e-81dd-da102b3a5e8c
2022-02-16 10:40:40.749050,test40,net3b,simple_secaas-medium_secaas,8,11,2,5,qa,132,1017,-,-,2186984.2,2068450.2,8450.2,2060000.0,118534.0,200,163.0,0.023322105407714844,10.0,10000,bb700593-de13-4336-ad26-76465f2755bd
2022-02-16 10:43:03.440572,test40,net3b,simple_secaas-medium_secaas,8,11,2,5,qa,132,1027,-,-,2126080.0,1989051.0,8451.0,1980600.0,137029.0,100,184.0,0.018611907958984375,10.0,10000,74ea7d03-93dd-41fc-9458-d05e34a78f35
2022-02-16 14:11:57.138554,test54,net3c,x4medium_secaas,7,12,4,12,qa,192,924,-,-,35285.6,32954.6,8454.6,24500.0,2331.0,75,340.0,0.06101703643798828,20.0,100,ccde8ed6-61a9-4bfd-9e27-050166448fdd
2022-02-16 14:15:41.072128,test54,net3c,x4medium_secaas,7,12,4,12,qa,192,992,-,-,30302.2,28074.2,8458.2,19616.0,2228.0,50,180.0,0.04622697830200195,20.0,100,207ea650-d745-4ca2-a55d-11312d5e1804
2022-02-16 14:16:45.512101,test54,net3c,x4medium_secaas,7,12,4,12,qa,192,901,-,-,30947.0,24595.0,8453.0,16142.0,6352.0,20,360.0,0.07248616218566895,20.0,100,eb284e5a-cf0d-4365-b658-9973079bf421
2022-02-16 14:17:30.979204,test54,net3c,x4medium_secaas,7,12,4,12,qa,192,903,-,-,248660.8,234967.8,8447.8,226520.0,13693.0,50,120.0,0.04774188995361328,20.0,1000,12f983a8-887e-42ef-894e-b5fa4e4679a4
2022-02-16 14:18:19.895536,test54,net3c,x4medium_secaas,7,12,4,12,qa,192,944,-,-,263168.6,250134.6,8454.6,241680.0,13034.0,50,120.0,0.0502619743347168,40.0,1000,35873ebc-5193-4666-b969-bebb4620ec57
2022-02-16 14:19:28.279588,test54,net3c,x4medium_secaas,7,12,4,12,qa,192,890,-,-,2171113.8,2005655.8,8455.8,1997200.0,165458.0,50,80.0,0.05694389343261719,20.0,10000,f2389de8-d422-4c08-8907-5f4b8352983a
2022-02-16 14:20:25.086584,test54,net3c,x4medium_secaas,7,12,4,12,qa,192,908,-,-,2518786.8,2336847.8,8447.8,2328400.0,181939.0,75,180.0,0.03674888610839844,20.0,10000,4c7630e7-b8bc-4aa7-98e4-81ff5428f65b
2022-02-16 14:21:58.036681,test54,net3c,x4medium_secaas,7,12,4,12,qa,192,930,-,-,236711.8,223889.8,8449.8,215440.0,12822.0,60,140.0,0.0355839729309082,20.0,1000,d8d5c589-31b8-4dd4-9df5-004ab4b2c38e
2022-02-16 14:22:54.367335,test54,net3c,x4medium_secaas,7,12,4,12,qa,192,875,-,-,2396138.4,2280851.4,8451.4,2272400.0,115287.0,60,120.0,0.046035051345825195,30.0,10000,446aa7e8-242c-42fd-a982-c2d065888acb
2022-02-16 14:26:07.935518,test54,net3c,x4medium_secaas,7,12,4,12,qa,192,884,-,-,2223956.4,2067453.4,8453.4,2059000.0,156503.0,100,320.0,0.0356290340423584,30.0,10000,e514bbae-0d11-4f00-a16d-c03ee522d2c4
2022-02-16 14:27:37.953582,test54,net3c,x4medium_secaas,7,12,4,12,qa,192,866,-,-,2776277.8,2665055.8,8455.8,2656600.0,111222.0,50,80.0,0.04394793510437012,50.0,10000,aff8c991-0d77-413e-a9a6-61501d932f78
2022-02-16 14:29:39.018928,test54,net3c,x4medium_secaas,7,12,4,12,sa,192,-,-,41.3824679851532,--,-,-,-,-,-,0.0,0.0389409065246582,-,10000,-
2022-02-16 19:01:19.551288,test68,net3c,x3simple_secaas,7,12,4,12,sa,72,-,-,15.86378026008606,--,-,-,-,-,-,0.0,0.006826162338256836,-,10000,-
2022-02-16 19:02:02.605593,test68,net3c,x3simple_secaas,7,12,4,12,sa,72,-,-,0.16527485847473145,--,-,-,-,-,-,0.0,0.006433010101318359,-,100,-
2022-02-16 19:02:07.948423,test68,net3c,x3simple_secaas,7,12,4,12,sa,72,-,-,0.18710803985595703,--,-,-,-,-,-,0.0,0.008294105529785156,-,100,-
2022-02-16 19:02:28.246202,test68,net3c,x3simple_secaas,7,12,4,12,sa,72,-,-,0.19279003143310547,--,-,-,-,-,-,0.0,0.006860971450805664,-,100,-
2022-02-16 19:02:52.391565,test68,net3c,x3simple_secaas,7,12,4,12,sa,72,-,-,0.18984079360961914,--,-,-,-,-,-,0.0,0.007476091384887695,-,100,-
2022-02-16 19:03:05.273672,test68,net3c,x3simple_secaas,7,12,4,12,tabu,72,-,2.1157188415527344,-,--,-,-,-,-,-,0.0,0.005234956741333008,-,100,-
2022-02-16 19:03:28.516855,test68,net3c,x3simple_secaas,7,12,4,12,qa,72,293,-,-,33925.6,32604.6,8444.6,24160.0,1321.0,150,150.0,0.014024019241333008,50.0,100,aa70501a-3f94-44c1-99d6-cd903710f545
2022-02-16 19:04:01.012941,test68,net3c,x3simple_secaas,7,12,4,12,qa,72,297,-,-,26870.0,25607.0,8451.0,17156.0,1263.0,100,100.0,0.0061419010162353516,50.0,100,166aa5d1-ed5c-4f14-9f6b-daf8e150a060
2022-02-16 19:04:23.138871,test68,net3c,x3simple_secaas,7,12,4,12,qa,72,328,-,-,26878.6,25612.6,8446.6,17166.0,1266.0,50,550.0,0.005124092102050781,50.0,100,d9608200-ce6a-4387-9faa-42a414521767
2022-02-16 19:04:50.257582,test68,net3c,x3simple_secaas,7,12,4,12,qa,72,294,-,-,173734.2,163868.2,8448.2,155420.0,9866.0,100,350.0,0.004954338073730469,50.0,1000,9cf9f0f1-7a70-4149-8883-c68c50c0caf3
2022-02-16 19:05:26.063611,test68,net3c,x3simple_secaas,7,12,4,12,qa,72,303,-,-,250476.4,245085.4,8445.4,236640.0,5391.0,100,400.0,0.00811314582824707,50.0,1000,be8550bc-cf9e-4c4b-b924-a945dff94477
2022-02-16 19:05:51.101618,test68,net3c,x3simple_secaas,7,12,4,12,qa,72,292,-,-,192823.2,185184.2,8444.2,176740.0,7639.0,150,0.0,0.006640911102294922,50.0,1000,ae3c4bc6-9b16-48fd-b5c1-bb5815357a90
2022-02-16 10:53:20.915070,test42,net3c,simple_secaas-medium_secaas,7,12,2,5,qa,72,296,-,-,961613.2,928552.2,8452.2,920100.0,33061.0,175,92.0,0.006575107574462891,10.0,5000,8a4a9f70-a166-436f-a919-871a8e6e102c
2022-02-16 10:53:48.070478,test42,net3c,simple_secaas-medium_secaas,7,12,2,5,sa,72,-,-,0.18482518196105957,--,-,-,-,-,-,33.0,0.006586790084838867,-,100,-
2022-02-16 10:54:01.873629,test42,net3c,simple_secaas-medium_secaas,7,12,2,5,tabu,72,-,2.117845058441162,-,--,-,-,-,-,-,33.0,0.007798194885253906,-,100,-
2022-02-16 10:54:57.434626,test42,net3c,simple_secaas-medium_secaas,7,12,2,5,qa,72,311,-,-,21081.2,20240.2,8450.2,11790.0,841.0,150,192.0,0.007178068161010742,10.0,100,d2aa0bdd-7ee4-4f8e-8551-5efcc33a4bac
2022-02-16 10:55:25.948295,test42,net3c,simple_secaas-medium_secaas,7,12,2,5,qa,72,294,-,-,26495.0,25401.0,8449.0,16952.0,1094.0,100,216.0,0.008719921112060547,10.0,100,b5af55d1-72ba-4454-a96e-6d8f7128ab19
2022-02-16 10:55:48.428207,test42,net3c,simple_secaas-medium_secaas,7,12,2,5,qa,72,326,-,-,25564.8,20985.8,8451.8,12534.0,4579.0,175,192.0,0.012531042098999023,10.0,100,9917200f-3813-4140-a863-0b410045afa8
2022-02-16 10:56:15.985653,test42,net3c,simple_secaas-medium_secaas,7,12,2,5,qa,72,326,-,-,27653.2,26350.2,8454.2,17896.0,1303.0,175,199.0,0.012008905410766602,20.0,100,fac74875-0eda-4dca-ab87-fc2846cc3e1e
2022-02-16 10:56:48.472291,test42,net3c,simple_secaas-medium_secaas,7,12,2,5,qa,72,308,-,-,150954.0,137509.0,8449.0,129060.0,13445.0,175,33.0,0.008202075958251953,10.0,1000,b339ec3e-dcab-45d3-8394-07fb66727a19
2022-02-16 16:11:50.621014,test56,net3c,x4medium_secaas,7,12,4,12,qa,192,897,-,-,283234.2,269276.2,8456.2,260820.0,13958.0,150,767.0,0.053896188735961914,50.0,1000,83a67e03-6986-4aef-891c-4dce0031b521
2022-02-16 16:12:30.283958,test56,net3c,x4medium_secaas,7,12,4,12,qa,192,927,-,-,38005.6,35394.6,8444.6,26950.0,2611.0,100,542.0,0.043975830078125,50.0,100,61d3c676-1fba-40fd-9bed-e245c1dacc39
2022-02-16 16:13:13.311864,test56,net3c,x4medium_secaas,7,12,4,12,qa,192,1009,-,-,40863.4,35935.4,8449.4,27486.0,4928.0,50,240.0,0.053904056549072266,50.0,100,069a2841-c7f7-4411-a230-47e11c31016e
2022-02-16 16:14:57.271446,test56,net3c,x4medium_secaas,7,12,4,12,qa,192,899,-,-,300780.0,287231.0,8451.0,278780.0,13549.0,50,250.0,0.04666590690612793,50.0,1000,b29656c8-01d5-4a13-a09a-68fa05b222a7
2022-02-16 16:16:00.053299,test56,net3c,x4medium_secaas,7,12,4,12,qa,192,850,-,-,1986645.0,1833047.0,8447.0,1824600.0,153598.0,50,139.0,0.038826942443847656,50.0,10000,e31dad9a-cc09-45a4-825e-6febe18ed715
2022-02-16 16:16:45.587831,test56,net3c,x4medium_secaas,7,12,4,12,sa,192,-,-,0.4178781509399414,--,-,-,-,-,-,96.0,0.04467582702636719,-,100,-
2022-02-17 11:06:18.963231,test81,net1,medium_secaas,5,8,1,3,sa,76,-,-,0.2527310848236084,--,-,-,-,-,-,0.0,0.007376909255981445,-,100,-
2022-02-17 11:07:12.082456,test81,net1,medium_secaas,5,8,1,3,qa,76,389,-,-,26594.2,23440.2,8450.2,14990.0,3154.0,1000,226.0,0.007673978805541992,40.0,100,c43976e5-0201-42d4-9c0d-e8cd10ba6f80
2022-02-17 11:07:48.266862,test81,net1,medium_secaas,5,8,1,3,qa,76,356,-,-,27060.0,26363.0,8453.0,17910.0,697.0,75,60.0,0.00537419319152832,40.0,100,95852a85-4302-4a58-9932-72a8cd4a6de2
2022-02-17 11:08:30.383111,test81,net1,medium_secaas,5,8,1,3,qa,76,350,-,-,27695.2,24528.2,8450.2,16078.0,3167.0,50,166.0,0.0051479339599609375,40.0,100,24a78472-f9ad-4ae6-9c6f-0b0b146221e2
2022-02-17 11:09:02.576773,test81,net1,medium_secaas,5,8,1,3,qa,76,350,-,-,29729.4,26121.4,8449.4,17672.0,3608.0,100,124.0,0.010440826416015625,40.0,100,f464ad4c-61b9-41aa-9767-8cf1efb539fe
2022-02-17 11:09:43.953473,test81,net1,medium_secaas,5,8,1,3,qa,76,344,-,-,214450.0,210269.0,8449.0,201820.0,4181.0,75,100.0,0.0050618648529052734,40.0,1000,7b18ec68-565e-4535-aaf7-d429e4d7af1a
2022-02-17 11:10:17.502907,test81,net1,medium_secaas,5,8,1,3,qa,76,389,-,-,164391.0,159331.0,8451.0,150880.0,5060.0,150,74.0,0.006045103073120117,40.0,1000,88627336-df1e-4872-a132-5cf6c1db7279
2022-02-17 11:12:08.281779,test81,net1,medium_secaas,5,8,1,3,qa,76,378,-,-,203746.0,196233.0,8453.0,187780.0,7513.0,200,58.0,0.005731821060180664,40.0,1000,34c89b4d-7168-4552-a9d7-2b5cddb1119d
2022-02-17 11:12:52.243373,test81,net1,medium_secaas,5,8,1,3,qa,76,369,-,-,1679858.0,1631449.0,8449.0,1623000.0,48409.0,200,20.0,0.0055389404296875,40.0,10000,2345b01c-b954-4018-8b92-2fe60c7119b4
2022-02-17 11:13:35.094497,test81,net1,medium_secaas,5,8,1,3,qa,76,360,-,-,1953877.4,1905051.4,8451.4,1896600.0,48826.0,300,32.0,0.004925966262817383,40.0,10000,e292836d-770c-4802-883c-43f57ea52d38
2022-02-17 11:14:33.923994,test81,net1,medium_secaas,5,8,1,3,qa,76,358,-,-,1884877.0,1835253.0,8453.0,1826800.0,49624.0,250,68.0,0.00947713851928711,40.0,10000,28b09cd9-2be3-4db8-82b0-0cab3154bca7
2022-02-17 11:15:26.612318,test81,net1,medium_secaas,5,8,1,3,qa,76,382,-,-,2108494.8,2050451.8,8451.8,2042000.0,58043.0,275,44.0,0.008016824722290039,40.0,10000,3a406c75-3194-469a-98bc-c1b9d436b669
2022-02-17 11:16:07.717943,test81,net1,medium_secaas,5,8,1,3,qa,76,356,-,-,1654527.4,1608851.4,8451.4,1600400.0,45676.0,200,44.0,0.005110979080200195,40.0,10000,b03ccc05-ba2e-477c-abc4-1c3e62eac7a8
2022-02-17 11:01:40.733427,test80,net1,medium_secaas,5,8,1,3,sa,76,-,-,0.23308801651000977,--,-,-,-,-,-,0.0,0.007982969284057617,-,100,-
2022-02-17 11:02:14.369792,test80,net1,medium_secaas,5,8,1,3,qa,76,347,-,-,31245.6,29354.6,8446.6,20908.0,1891.0,100,29000.0,0.00568389892578125,40.0,100,310c821c-1c65-4bab-99d7-ae21633424aa
2022-02-17 11:04:02.703763,test80,net1,medium_secaas,5,8,1,3,qa,76,333,-,-,26034.8,25063.8,8451.8,16612.0,971.0,1000,20500.0,0.007680177688598633,40.0,100,c9a1e070-6e09-4a5f-8feb-8d97d07defc1
2022-02-16 16:17:42.358422,test57,net3c,x4medium_secaas,7,12,4,12,sa,250,-,-,0.9561002254486084,--,-,-,-,-,-,116.0,0.0892171859741211,-,100,-
2022-02-16 10:58:21.462685,test43,net3c,simple_secaas-medium_secaas,7,12,2,5,sa,126,-,-,0.39095115661621094,--,-,-,-,-,-,37.0,0.023854970932006836,-,100,-
2022-02-16 10:58:33.871326,test43,net3c,simple_secaas-medium_secaas,7,12,2,5,tabu,126,-,2.143198013305664,-,--,-,-,-,-,-,37.0,0.01695704460144043,-,100,-
2022-02-16 11:01:20.633582,test43,net3c,simple_secaas-medium_secaas,7,12,2,5,qa,126,1087,-,-,35540.6,29116.6,8450.6,20666.0,6424.0,175,296.0,0.029440879821777344,10.0,100,5eeb10d4-2c46-4d46-8325-2f053710675c
2022-02-16 11:04:39.839888,test43,net3c,simple_secaas-medium_secaas,7,12,2,5,qa,126,1115,-,-,234443.4,218391.4,8451.4,209940.0,16052.0,175,167.0,0.030688047409057617,10.0,1000,3b106dce-0c10-4796-b804-a2646f39f1bf
2022-02-16 11:07:35.162342,test43,net3c,simple_secaas-medium_secaas,7,12,2,5,qa,126,1169,-,-,1123888.0,1034357.0,8457.0,1025900.0,89531.0,175,211.0,0.01770186424255371,10.0,5000,512a0540-a64a-471e-afa9-d1689693ed10
2022-02-16 11:10:03.576205,test43,net3c,simple_secaas-medium_secaas,7,12,2,5,qa,126,1257,-,-,1657980.0,1514293.0,8453.0,1505840.0,143687.0,200,127.0,0.01837015151977539,10.0,7000,022117d0-31b2-4199-9b58-f462d7b79df3
2022-02-16 11:19:22.751166,test43,net3c,simple_secaas-medium_secaas,7,12,2,5,sa,126,-,-,0.45868992805480957,--,-,-,-,-,-,37.0,0.03147125244140625,-,100,-
2022-02-16 11:19:32.912118,test43,net3c,simple_secaas-medium_secaas,7,12,2,5,tabu,126,-,2.1490871906280518,-,--,-,-,-,-,-,37.0,0.021464109420776367,-,100,-
2022-02-16 12:09:21.881542,test47,net3c,simple_secaas-medium_secaas-complex_secaas,7,12,3,10,qa,168,878,-,-,27776.4,25065.4,8445.4,16620.0,2711.0,100,320.0,0.037229061126708984,15.0,100,e8e61289-f3ef-4224-bb7e-43bdb514f638
2022-02-16 12:11:16.130914,test47,net3c,simple_secaas-medium_secaas-complex_secaas,7,12,3,10,qa,168,921,-,-,2375373.6,2217252.6,8452.6,2208800.0,158121.0,100,160.0,0.0471799373626709,15.0,10000,99dbb0da-2a37-4fb1-9c10-f9e613e9a239
2022-02-16 12:12:37.629813,test47,net3c,simple_secaas-medium_secaas-complex_secaas,7,12,3,10,qa,168,1106,-,-,2187872.2,1988246.2,8446.2,1979800.0,199626.0,125,160.0,0.034532785415649414,15.0,10000,70d19286-ae78-437e-8a17-85393bec63d8
2022-02-16 12:28:15.015073,test47,net3c,simple_secaas-medium_secaas-2xcomplex_secaas,7,12,4,20,qa,168,866,-,-,717564.2,706190.2,8450.2,697740.0,11374.0,100,200.0,0.031250953674316406,500.0,1000,efb3c975-213f-4d93-996f-9823aabde4dd
2022-02-16 12:30:48.473733,test47,net3c,simple_secaas-medium_secaas-complex_secaas,7,12,4,20,qa,168,914,-,-,826898.8,805113.8,8453.8,796660.0,21785.0,100,140.0,0.04237008094787598,600.0,1000,e62796fb-007f-4185-a4b7-3b8c4b83d3b5
2022-02-16 14:07:25.975204,test53,net3c,x4medium_secaas,7,12,4,12,qa,192,905,-,-,285477.6,268580.6,8460.6,260120.0,16897.0,75,1700.0,0.04597592353820801,40.0,1000,8c89af53-5392-4df4-ba40-8e9bd1a38ed3
2022-02-16 14:08:18.578722,test53,net3c,x4medium_secaas,7,12,4,12,qa,192,909,-,-,280853.2,258894.2,8454.2,250440.0,21959.0,150,1100.0,0.05421304702758789,40.0,1000,021e8d62-619d-4a7f-ab4c-3eb1a83f9ce3
2022-02-16 14:09:21.941671,test53,net3c,x4medium_secaas,7,12,4,12,qa,192,859,-,-,210319.6,188472.6,8452.6,180020.0,21847.0,250,500.0,0.05126810073852539,40.0,1000,b99b26fc-03c1-49ed-b86f-4eadc8223398
2022-02-16 14:10:43.534366,test53,net3c,x4medium_secaas,7,12,4,12,qa,192,889,-,-,217881.4,201031.4,8451.4,192580.0,16850.0,300,700.0,0.05900216102600098,40.0,1000,b8e4b3a3-6d7a-40ee-8916-7a8ca1688686
2022-02-16 12:43:26.572444,test52,net3c,x4medium_secaas,7,12,4,12,qa,192,879,-,-,29882.8,27427.8,8449.8,18978.0,2455.0,100,280.0,0.05055570602416992,40.0,100,ec3dbae4-bdc0-4d42-8c8e-b6454f78855f
2022-02-16 12:44:34.671695,test52,net3c,x4medium_secaas,7,12,4,12,qa,192,970,-,-,257919.2,233264.2,8444.2,224820.0,24655.0,100,200.0,0.04193711280822754,40.0,1000,ce2ff8d8-f7eb-411b-a1b8-f693ea485e0c
2022-02-16 12:45:25.641866,test52,net3c,x4medium_secaas,7,12,4,12,qa,192,910,-,-,284014.2,269032.2,8452.2,260580.0,14982.0,50,400.0,0.044236183166503906,40.0,1000,3d1e763e-019a-4608-b87c-747d410dfb27
2022-02-16 12:46:02.900088,test52,net3c,x4medium_secaas,7,12,4,12,qa,192,906,-,-,282363.0,256711.0,8451.0,248260.0,25652.0,150,400.0,0.04575490951538086,40.0,1000,a7e09d19-5613-49f8-a5b5-1a62dbf074ed
2022-02-16 12:48:10.225974,test52,net3c,x4medium_secaas,7,12,4,12,qa,192,936,-,-,2335662.2,2164646.2,8446.2,2156200.0,171016.0,150,400.0,0.03992605209350586,10.0,10000,0ff717d2-d49f-4216-a6d4-2bea89efcd9c
2022-02-16 12:49:43.892048,test52,net3c,x4medium_secaas,7,12,4,12,sa,192,-,-,39.865188121795654,--,-,-,-,-,-,0.0,0.07560014724731445,-,10000,-
2022-02-16 12:50:00.139313,test52,net3c,x4medium_secaas,7,12,4,12,sa,192,-,-,0.5294227600097656,--,-,-,-,-,-,0.0,0.036865949630737305,-,100,-
2022-02-16 14:00:09.991478,test52,net3c,x4medium_secaas,7,12,4,12,sa,192,-,-,0.4651520252227783,--,-,-,-,-,-,0.0,0.044137001037597656,-,100,-
2022-02-16 14:00:24.209015,test52,net3c,x4medium_secaas,7,12,4,12,tabu,192,-,2.206778049468994,-,--,-,-,-,-,-,0.0,0.04614710807800293,-,100,-
2022-02-16 14:01:23.480032,test52,net3c,x4medium_secaas,7,12,4,12,qa,192,864,-,-,34825.2,30920.2,8446.2,22474.0,3905.0,150,480.0,0.046382904052734375,20.0,100,aaf08956-5cca-476d-8689-20b6f88ded1a
2022-02-16 14:03:31.546744,test52,net3c,x4medium_secaas,7,12,4,12,qa,192,861,-,-,36083.8,32487.8,8453.8,24034.0,3596.0,100,320.0,0.0503690242767334,20.0,100,b75b01d8-5697-4711-8c6c-8595ff9b65ad
2022-02-16 14:04:11.247917,test52,net3c,x4medium_secaas,7,12,4,12,qa,192,859,-,-,38347.0,32639.0,8457.0,24182.0,5708.0,50,400.0,0.04636216163635254,20.0,100,110cd39f-a98c-4163-9ea0-685aedfc3459
2022-02-16 14:05:11.300349,test52,net3c,x4medium_secaas,7,12,4,12,qa,192,872,-,-,252376.2,234290.2,8450.2,225840.0,18086.0,75,200.0,0.05722475051879883,20.0,1000,e556416b-2d9b-4982-9106-f611e4bdbfcb
2022-02-16 14:06:02.062260,test52,net3c,x4medium_secaas,7,12,4,12,qa,192,888,-,-,304153.4,248373.4,8453.4,239920.0,55780.0,75,200.0,0.0423431396484375,40.0,1000,e2230f7f-8381-405f-a56c-1a1f47aa72d3
2022-02-16 12:00:39.366657,test46,net3c,simple_secaas-medium_secaas-complex_secaas,7,12,3,10,sa,168,-,-,0.3901538848876953,--,-,-,-,-,-,74.0,0.039173126220703125,-,100,-
2022-02-16 12:01:50.288241,test46,net3c,simple_secaas-medium_secaas-complex_secaas,7,12,3,10,qa,168,947,-,-,31842.4,29829.4,8449.4,21380.0,2013.0,150,840.0,0.04249119758605957,10.0,100,39e3e0e5-8dae-4991-b844-b40e68528098
2022-02-16 12:02:33.473142,test46,net3c,simple_secaas-medium_secaas-complex_secaas,7,12,3,10,qa,168,925,-,-,30737.2,28430.2,8446.2,19984.0,2307.0,150,788.0,0.03416609764099121,20.0,100,aae466c7-7dd9-4ef3-963f-8c098dde0b05
2022-02-16 12:04:04.550400,test46,net3c,simple_secaas-medium_secaas-complex_secaas,7,12,3,10,qa,168,1009,-,-,181382.2,162828.2,8448.2,154380.0,18554.0,150,724.0,0.04523897171020508,10.0,1000,20a1f016-4291-45ee-b00a-81c96f2d9011
2022-02-16 12:05:59.717170,test46,net3c,simple_secaas-medium_secaas-complex_secaas,7,12,3,10,qa,168,887,-,-,249980.6,237704.6,8444.6,229260.0,12276.0,100,341.0,0.03729820251464844,10.0,1000,af38e850-822f-4fa3-acb3-9e0cb4adbd84
2022-02-16 12:37:24.893849,test50,net3c,simple_secaas-medium_secaas-complex_secaas,7,12,4,20,qa,264,1655,-,-,38578.2,33392.2,8450.2,24942.0,5186.0,50,10000.0,0.12262487411499023,40.0,100,d7dc7cec-bf0c-4269-b819-22c2129c3217
2022-02-16 11:22:19.157497,test44,net3c,simple_secaas-medium_secaas-complex_secaas,7,12,3,10,sa,168,-,-,0.46796298027038574,--,-,-,-,-,-,0.0,0.04910612106323242,-,100,-
2022-02-16 11:22:35.454889,test44,net3c,simple_secaas-medium_secaas-complex_secaas,7,12,3,10,tabu,168,-,2.154231071472168,-,--,-,-,-,-,-,0.0,0.05272197723388672,-,100,-
2022-02-16 11:23:19.497553,test44,net3c,simple_secaas-medium_secaas-complex_secaas,7,12,3,10,qa,168,869,-,-,24865.0,21489.0,8451.0,13038.0,3376.0,150,650.0,0.03654885292053223,10.0,100,71586962-9fa5-46ec-ae9a-e2e4ca6d546f
2022-02-16 11:24:07.082012,test44,net3c,simple_secaas-medium_secaas-complex_secaas,7,12,3,10,qa,168,902,-,-,34417.8,29731.8,8455.8,21276.0,4686.0,100,1650.0,0.047553062438964844,10.0,100,f597c9c0-82b8-44c5-88d0-d1ed57b7bb12
2022-02-16 11:25:13.179224,test44,net3c,simple_secaas-medium_secaas-complex_secaas,7,12,3,10,qa,168,864,-,-,168356.4,154527.4,8447.4,146080.0,13829.0,150,400.0,0.03426480293273926,10.0,1000,89abc847-b06b-444c-a47f-1a5566efffcf
2022-02-16 11:25:49.856570,test44,net3c,simple_secaas-medium_secaas-complex_secaas,7,12,3,10,qa,168,1101,-,-,198564.4,183013.4,8453.4,174560.0,15551.0,200,750.0,0.04517483711242676,10.0,1000,abf2191e-78ee-4ec6-96e0-b173dd5cdd2f
2022-02-16 11:26:41.541091,test44,net3c,simple_secaas-medium_secaas-complex_secaas,7,12,3,10,qa,168,901,-,-,252285.4,228495.4,8455.4,220040.0,23790.0,100,1250.0,0.054242849349975586,10.0,1000,1936c401-db5f-4683-b7ea-433c7ea10bb0
2022-02-16 11:27:45.243792,test44,net3c,simple_secaas-medium_secaas-complex_secaas,7,12,3,10,qa,168,889,-,-,1142480.6,1080050.6,8450.6,1071600.0,62430.0,150,400.0,0.03735804557800293,20.0,5000,5b156565-517d-4930-a0c6-79dbe658cbc9
2022-02-16 11:29:01.095208,test44,net3c,simple_secaas-medium_secaas-complex_secaas,7,12,3,10,qa,168,856,-,-,1244316.4,1163853.4,8453.4,1155400.0,80463.0,250,500.0,0.0406191349029541,10.0,5000,aeac07ef-e381-4de2-be79-9b3b27bc1b67
2022-02-16 11:30:06.193736,test44,net3c,simple_secaas-medium_secaas-complex_secaas,7,12,3,10,qa,168,887,-,-,2303206.2,2168454.2,8454.2,2160000.0,134752.0,150,400.0,0.04035806655883789,10.0,10000,46a8fb09-abb8-493e-8986-452c7d6e9c09
2022-02-16 11:39:08.590785,test44,net3c,simple_secaas-medium_secaas-complex_secaas,7,12,3,10,qa,168,954,-,-,33991.2,32036.2,8448.2,23588.0,1955.0,150,550.0,0.039603233337402344,10.0,100,084b4c88-2336-46e8-a232-6389ff11b89e
2022-02-16 11:39:53.877104,test44,net3c,simple_secaas-medium_secaas-complex_secaas,7,12,3,10,qa,168,856,-,-,28932.6,27384.6,8454.6,18930.0,1548.0,300,1050.0,0.03996992111206055,10.0,100,c16cb8c8-f85c-4abf-9b78-8363eb4f626f
2022-02-16 11:40:32.982010,test44,net3c,simple_secaas-medium_secaas-complex_secaas,7,12,3,10,qa,168,920,-,-,33858.4,28157.4,8455.4,19702.0,5701.0,125,750.0,0.04033017158508301,10.0,100,6ad99645-8fc4-47a2-b9cf-c1c45d4e0da9
2022-02-16 11:41:02.591670,test44,net3c,simple_secaas-medium_secaas-complex_secaas,7,12,3,10,qa,168,959,-,-,32183.0,29911.0,8457.0,21454.0,2272.0,50,1950.0,0.04466509819030762,10.0,100,720ef206-06ff-458a-89be-edd82665405a
2022-02-16 11:41:45.339090,test44,net3c,simple_secaas-medium_secaas-complex_secaas,7,12,3,10,qa,168,897,-,-,34281.6,28688.6,8454.6,20234.0,5593.0,150,650.0,0.046041250228881836,10.0,100,de5a6978-423d-4a54-9a4e-79249db03805
2022-02-16 11:42:32.656106,test44,net3c,simple_secaas-medium_secaas-complex_secaas,7,12,3,10,qa,168,897,-,-,26755.6,23960.6,8450.6,15510.0,2795.0,100,600.0,0.04720306396484375,20.0,100,e04de985-7e90-4dae-897b-058fd797c6a8
2022-02-16 11:48:55.403171,test44,net3c,simple_secaas-medium_secaas-complex_secaas,7,12,3,10,qa,168,918,-,-,263866.2,247536.2,8456.2,239080.0,16330.0,100,750.0,0.03285098075866699,20.0,1000,3e0c674d-e7d1-4a96-83c7-967ad12771a9
2022-02-16 11:50:00.282043,test44,net3c,simple_secaas-medium_secaas-complex_secaas,7,12,3,10,qa,168,917,-,-,207128.8,194189.8,8449.8,185740.0,12939.0,150,550.0,0.039038896560668945,10.0,1000,73d91629-f266-436b-bd29-5802193562a6
2022-02-16 11:50:51.576766,test44,net3c,simple_secaas-medium_secaas-complex_secaas,7,12,3,10,qa,168,875,-,-,2150641.6,1987450.6,8450.6,1979000.0,163191.0,150,400.0,0.03312993049621582,10.0,10000,08301d5b-d473-45d2-8c86-203357d800b9
2022-02-17 10:49:54.266532,test78,net1,medium_secaas,5,8,1,3,tabu,76,-,2.1211740970611572,-,--,-,-,-,-,-,24.0,0.00706791877746582,-,100,-
2022-02-17 10:50:03.208214,test78,net1,medium_secaas,5,8,1,3,sa,76,-,-,0.23141717910766602,--,-,-,-,-,-,24.0,0.008069753646850586,-,100,-
2022-02-17 10:51:20.836339,test78,net1,medium_secaas,5,8,1,3,qa,76,354,-,-,32703.4,30307.4,8451.4,21856.0,2396.0,50,84.0,0.007331132888793945,60.0,100,7d3ed820-c77b-41e5-8428-aca82c983891
2022-02-17 10:52:07.832608,test78,net1,medium_secaas,5,8,1,3,qa,76,379,-,-,167962.2,161314.2,8454.2,152860.0,6648.0,50,592.0,0.00889897346496582,60.0,1000,9a9a29c6-94e0-4c66-8eec-f4b2c0df88e0
2022-02-17 10:52:41.745218,test78,net1,medium_secaas,5,8,1,3,qa,76,367,-,-,199423.6,193530.6,8450.6,185080.0,5893.0,50,168.0,0.013927936553955078,60.0,1000,07ec5f0e-007d-4dee-b444-ea7843013b3a
2022-02-17 10:53:32.416098,test78,net1,medium_secaas,5,8,1,3,qa,76,333,-,-,1913147.0,1863853.0,8453.0,1855400.0,49294.0,50,50.0,0.0070400238037109375,60.0,10000,315bb801-0174-4c8c-aec0-12076746ae8b
2022-02-17 10:54:14.171379,test78,net1,medium_secaas,5,8,1,3,qa,76,345,-,-,2371439.2,2311250.2,8450.2,2302800.0,60189.0,50,66.0,0.010066986083984375,60.0,10000,e74869d9-a710-4e6f-98a3-d9ff5e6eac20
2022-02-17 10:55:40.224852,test78,net1,medium_secaas,5,8,1,3,qa,76,335,-,-,1901036.8,1850249.8,8449.8,1841800.0,50787.0,50,64.0,0.019273042678833008,60.0,10000,d4f1f349-c261-4db8-a680-6adca23c1306
2022-02-17 10:56:27.392093,test78,net1,medium_secaas,5,8,1,3,qa,76,354,-,-,2007842.6,1953650.6,8450.6,1945200.0,54192.0,50,84.0,0.009207725524902344,40.0,10000,8eb9d1bb-9aee-4d5a-b2ad-148a0881a8cd
2022-02-17 10:57:51.631394,test79,net1,medium_secaas,5,8,1,3,sa,76,-,-,0.2270801067352295,--,-,-,-,-,-,0.0,0.016397714614868164,-,100,-
2022-02-17 10:58:06.437449,test79,net1,medium_secaas,5,8,1,3,tabu,76,-,2.1841108798980713,-,--,-,-,-,-,-,0.0,0.007253885269165039,-,100,-
2022-02-17 10:59:49.809299,test79,net1,medium_secaas,5,8,1,3,qa,76,342,-,-,26388.6,25486.6,8450.6,17036.0,902.0,50,370.0,0.015895843505859375,40.0,100,6eb77224-3acf-4a7d-bd70-7857d18ec6af
2022-02-17 11:00:21.880358,test79,net1,medium_secaas,5,8,1,3,qa,76,353,-,-,24969.2,23812.2,8452.2,15360.0,1157.0,100,460.0,0.007096052169799805,40.0,100,03a5ba95-3e4b-4474-8106-4afae7e012ff
2022-02-16 11:51:48.719304,test45,net3c,simple_secaas-medium_secaas-complex_secaas,7,12,3,10,sa,168,-,-,0.5150558948516846,--,-,-,-,-,-,74.0,0.05448293685913086,-,100,-
2022-02-16 11:51:59.447608,test45,net3c,simple_secaas-medium_secaas-complex_secaas,7,12,3,10,tabu,168,-,2.176497220993042,-,--,-,-,-,-,-,74.0,0.035340070724487305,-,100,-
2022-02-16 11:52:49.627747,test45,net3c,simple_secaas-medium_secaas-complex_secaas,7,12,3,10,qa,168,873,-,-,31327.6,28858.6,8452.6,20406.0,2469.0,150,709.0,0.04610610008239746,10.0,100,62f5d3c0-d718-498b-83d1-ff3c7b1074b5
2022-02-16 11:57:18.072965,test45,net3c,simple_secaas-medium_secaas-complex_secaas,7,12,3,10,qa,168,1004,-,-,2552727.4,2349255.4,8455.4,2340800.0,203472.0,150,463.0,0.05004000663757324,10.0,10000,9345991b-6560-4090-a749-a63e8dea99d9
2022-02-16 11:59:30.860201,test45,net3c,simple_secaas-medium_secaas-complex_secaas,7,12,3,10,sa,168,-,-,37.49870204925537,--,-,-,-,-,-,74.0,0.04462289810180664,-,10000,-
2022-02-16 12:00:12.223620,test45,net3c,simple_secaas-medium_secaas-complex_secaas,7,12,3,10,sa,168,-,-,38.45347619056702,--,-,-,-,-,-,74.0,0.05496501922607422,-,10000,-
2022-02-16 12:39:34.692400,test51,net3c,simple_secaas-medium_secaas-x2complex_secaas,7,12,4,20,qa,264,1445,-,-,37634.8,30875.8,8451.8,22424.0,6759.0,50,470.0,0.12705421447753906,40.0,100,93f3c9fc-2c23-473d-94dc-fa765098e9ff
2022-02-16 12:16:39.971091,test48,net3c,simple_secaas-medium_secaas-2xcomplex_secaas,7,12,4,20,sa,264,-,-,60.05483913421631,--,-,-,-,-,-,0.0,0.11944985389709473,-,10000,-
2022-02-16 12:18:32.882249,test48,net3c,simple_secaas-medium_secaas-2xcomplex_secaas,7,12,4,20,qa,264,1493,-,-,2520244.0,2263855.0,8455.0,2255400.0,256389.0,100,480.0,0.12667012214660645,10.0,10000,ac4a324b-0847-4c55-8098-4479269d4b93
2022-02-16 12:23:37.223808,test48,net3c,simple_secaas-medium_secaas-2xcomplex_secaas,7,12,4,20,qa,264,1768,-,-,1587435.8,1453149.8,8449.8,1444700.0,134286.0,100,340.0,0.11170816421508789,50.0,5000,b4c81e21-aa62-47c2-afc9-e15d1cd03915
2022-02-16 12:24:33.229271,test48,net3c,simple_secaas-medium_secaas-2xcomplex_secaas,7,12,4,20,qa,264,1542,-,-,375006.8,350849.8,8449.8,342400.0,24157.0,100,320.0,0.11331510543823242,100.0,1000,d1b87bd6-39ee-40fc-906a-7587e727926f
2022-02-16 12:25:48.940524,test48,net3c,simple_secaas-medium_secaas-2xcomplex_secaas,7,12,4,20,qa,264,1474,-,-,84730.6,79846.6,8452.6,71394.0,4884.0,100,480.0,0.1140286922454834,500.0,100,ffc6d58e-54a3-4717-a034-dc789dc29e3c
2022-02-16 12:27:03.962921,test48,net3c,simple_secaas-medium_secaas-2xcomplex_secaas,7,12,4,20,qa,264,1513,-,-,743597.0,723213.0,8453.0,714760.0,20384.0,100,240.0,0.09992194175720215,500.0,1000,9d14b0d9-f5a0-4d65-a4cf-caee53a2d757
2022-02-16 19:56:14.349463,test74,net1,medium_secaas,5,8,1,3,qa,76,366,-,-,27470.4,25867.4,8447.4,17420.0,1603.0,125,1302.0,0.007459878921508789,50.0,100,8c4e3700-d2e4-42cc-bf93-ab7b6337ef96
2022-02-16 19:57:08.294399,test74,net1,medium_secaas,5,8,1,3,qa,76,367,-,-,198014.0,191287.0,8447.0,182840.0,6727.0,125,159.0,0.026945829391479492,50.0,1000,2550ae6e-a1e0-4a15-9bb2-e4d8f623d4f8
2022-02-16 19:57:28.590556,test74,net1,medium_secaas,5,8,1,3,sa,76,-,-,1.9685351848602295,--,-,-,-,-,-,24.0,0.010579824447631836,-,1000,-
2022-02-16 19:57:58.337077,test74,net1,medium_secaas,5,8,1,3,tabu,76,-,21.190941095352173,-,--,-,-,-,-,-,24.0,0.014993906021118164,-,1000,-
2022-02-16 19:58:35.156019,test74,net1,medium_secaas,5,8,1,3,tabu,76,-,21.196044921875,-,--,-,-,-,-,-,24.0,0.01285099983215332,-,1000,-
2022-02-16 19:59:15.681342,test74,net1,medium_secaas,5,8,1,3,qa,76,420,-,-,203861.8,196323.8,8443.8,187880.0,7538.0,105,102.0,0.008233070373535156,50.0,1000,8e685d7d-0375-4b34-9be1-1a080bab4f8b
2022-02-16 19:59:56.599175,test74,net1,medium_secaas,5,8,1,3,qa,76,430,-,-,1985634.0,1932845.0,8445.0,1924400.0,52789.0,105,72.0,0.006988048553466797,50.0,10000,f146c7c2-47d1-4728-a6a2-f2d3b353afe0
2022-02-16 20:00:54.849140,test74,net1,medium_secaas,5,8,1,3,qa,76,333,-,-,1466570.0,1418847.0,8447.0,1410400.0,47723.0,50,189.0,0.007832050323486328,50.0,10000,f5e39b54-260a-4b2a-99ab-2a5bd2f20e79
2022-02-16 20:01:27.213192,test74,net1,medium_secaas,5,8,1,3,qa,76,357,-,-,1768879.4,1718649.4,8449.4,1710200.0,50230.0,150,102.0,0.008701801300048828,50.0,10000,5eba7667-444d-44a9-81f4-21958908801c
2022-02-16 20:02:09.981233,test74,net1,medium_secaas,5,8,1,3,qa,76,327,-,-,1616570.8,1564247.8,8447.8,1555800.0,52323.0,150,188.0,0.01836109161376953,50.0,10000,7f346529-40d6-4319-b1e7-0e540450b0eb
2022-02-16 20:03:08.458503,test74,net1,medium_secaas,5,8,1,3,qa,76,364,-,-,1860630.8,1801847.8,8447.8,1793400.0,58783.0,100,90.0,0.007917165756225586,50.0,10000,232121f8-5222-48f3-b690-f77b81544cf2
2022-02-16 20:04:09.418063,test74,net1,medium_secaas,5,8,1,3,qa,76,353,-,-,1869528.6,1797844.6,8444.6,1789400.0,71684.0,90,162.0,0.010601043701171875,60.0,10000,c94374e0-2b53-4900-ac7b-879ca6b1ef47
2022-02-16 20:05:09.766129,test74,net1,medium_secaas,5,8,1,3,qa,76,389,-,-,1934172.6,1862846.6,8446.6,1854400.0,71326.0,110,68.0,0.007858991622924805,60.0,10000,b790c9f2-5d33-42ee-8719-d38750055161
2022-02-16 20:05:46.459258,test74,net1,medium_secaas,5,8,1,3,qa,76,412,-,-,1627983.0,1574047.0,8447.0,1565600.0,53936.0,115,138.0,0.010310173034667969,60.0,10000,cd5eba7e-1d25-4c50-a8e9-0bb19ad11fa9
2022-02-16 20:06:56.419154,test74,net1,medium_secaas,5,8,1,3,qa,76,373,-,-,1972677.2,1916246.2,8446.2,1907800.0,56431.0,115,92.0,0.012048006057739258,60.0,10000,0ade726e-f2e1-4d8e-aa0b-786a2c60d9c2
2022-02-16 20:07:43.210975,test74,net1,medium_secaas,5,8,1,3,qa,76,344,-,-,2211911.0,2153847.0,8447.0,2145400.0,58064.0,108,118.0,0.01359105110168457,60.0,10000,56aefc67-9a8b-4cc0-8e90-b7ad7d2658d1
2022-02-17 10:39:15.876491,test74,net1,medium_secaas,5,8,1,3,sa,76,-,-,0.2624690532684326,--,-,-,-,-,-,24.0,0.043660879135131836,-,100,-
2022-02-16 16:33:51.981474,test60,net3c,x4medium_secaas,7,12,4,12,sa,384,-,-,0.9561243057250977,--,-,-,-,-,-,0.0,0.3800961971282959,-,100,-
2022-02-16 16:34:17.141105,test60,net3c,x4medium_secaas,7,12,4,12,tabu,384,-,2.385770082473755,-,--,-,-,-,-,-,0.0,0.2500119209289551,-,100,-
2022-02-16 16:35:38.716684,test60,net3c,x4medium_secaas,7,12,4,12,qa,384,2448,-,-,46933.0,38165.0,8455.0,29710.0,8768.0,50,480.0,0.29026317596435547,50.0,100,4cec4119-c9c8-4b9e-972c-511e64530ce6
2022-02-16 16:37:16.900312,test60,net3c,x4complex_secaas,7,12,4,12,qa,384,2314,-,-,42899.6,37512.6,8452.6,29060.0,5387.0,100,1065.0,0.2893807888031006,50.0,100,8b3128a5-7e85-4fdc-91ab-14910e39c96d
2022-02-16 16:38:31.853098,test60,net3c,x4complex_secaas,7,12,4,12,qa,384,2294,-,-,42473.6,36886.6,8460.6,28426.0,5587.0,20,1920.0,0.3250737190246582,50.0,100,0418e0dd-fbdf-4449-b210-f888a7de8679
2022-02-16 16:40:41.564655,test60,net3c,x4complex_secaas,7,12,4,12,qa,384,2316,-,-,3417000.8,3042059.8,8459.8,3033600.0,374941.0,50,360.0,0.27908921241760254,50.0,10000,174c1f90-b721-496d-8c13-a0ce8fe425c7
2022-02-16 16:42:20.981487,test60,net3c,x4complex_secaas,7,12,4,12,qa,384,2406,-,-,3421644.6,3044056.6,8456.6,3035600.0,377588.0,75,435.0,0.2945730686187744,50.0,10000,a339860d-53fa-48cb-86a0-c891113deece
2022-02-16 16:42:38.430024,test60,net3c,x4complex_secaas,7,12,4,12,sa,384,-,-,1.0196049213409424,--,-,-,-,-,-,0.0,0.2996327877044678,-,100,-
2022-02-16 16:42:47.411523,test60,net3c,x4complex_secaas,7,12,4,12,tabu,384,-,2.420900821685791,-,--,-,-,-,-,-,0.0,0.3018789291381836,-,100,-
2022-02-16 16:43:46.912639,test61,net3c,x4complex_secaas,7,12,4,12,sa,384,-,-,1.013796091079712,--,-,-,-,-,-,164.0,0.29495906829833984,-,100,-
2022-02-16 16:43:58.127399,test61,net3c,x4complex_secaas,7,12,4,12,tabu,384,-,2.386024236679077,-,--,-,-,-,-,-,164.0,0.25536584854125977,-,100,-
2022-02-16 16:46:00.795806,test61,net3c,x4complex_secaas,7,12,4,12,qa,384,2360,-,-,3238561.6,2887858.6,8458.6,2879400.0,350703.0,50,433.0,0.32134294509887695,50.0,10000,50d0df7e-4bbc-4c0f-81c1-22306dc54bb1
2022-02-16 20:10:02.320209,test75,net1,medium_secaas,5,8,1,3,qa,76,356,-,-,30457.4,26019.4,8445.4,17574.0,4438.0,150,1257.0,0.015877962112426758,60.0,100,0087fd45-e384-4ee4-99d3-ffb9de3111d8
2022-02-16 20:11:20.237332,test75,net1,medium_secaas,5,8,1,3,qa,76,367,-,-,27663.8,26819.8,8447.8,18372.0,844.0,500,1071.0,0.011986017227172852,60.0,100,7912d309-0e2d-4010-9506-9b41b613b7b4
2022-02-16 20:11:42.922757,test75,net1,medium_secaas,5,8,1,3,qa,76,351,-,-,27400.4,26333.4,8445.4,17888.0,1067.0,1000,5221.0,0.010428905487060547,60.0,100,7a2d66ca-8dbe-4a3e-8651-3d4dee1ce744
2022-02-16 20:11:45.001545,test75,net1,medium_secaas,5,8,1,3,sa,76,-,-,0.19957375526428223,--,-,-,-,-,-,24.0,0.011321067810058594,-,100,-
2022-02-16 20:11:56.459325,test75,net1,medium_secaas,5,8,1,3,sa,76,-,-,0.19910097122192383,--,-,-,-,-,-,24.0,0.009421110153198242,-,100,-
2022-02-16 20:12:29.624491,test75,net1,medium_secaas,5,8,1,3,sa,76,-,-,0.22764801979064941,--,-,-,-,-,-,24.0,0.008838891983032227,-,100,-
2022-02-16 20:13:09.673966,test75,net1,medium_secaas,5,8,1,3,qa,76,353,-,-,29508.0,26673.0,8447.0,18226.0,2835.0,350,4891.0,0.01922893524169922,60.0,100,53e2b717-9242-4866-97fe-9d772881304a
2022-02-16 20:13:38.625737,test75,net1,medium_secaas,5,8,1,3,qa,76,354,-,-,30887.2,26832.2,8448.2,18384.0,4055.0,150,1027.0,0.00799417495727539,60.0,100,1635e653-1b85-4e49-8018-346497029885
2022-02-16 20:14:49.939068,test75,net1,medium_secaas,5,8,1,3,qa,76,373,-,-,23987.4,22947.4,8449.4,14498.0,1040.0,100,740.0,0.012598991394042969,60.0,100,5afb0100-dc9f-4c1b-8e43-c9c96f7edd74
2022-02-16 20:15:55.609177,test75,net1,medium_secaas,5,8,1,3,qa,76,373,-,-,2242549.4,2190847.4,8447.4,2182400.0,51702.0,150,644.0,0.010435104370117188,60.0,10000,91dc07b7-7814-4e37-8fcf-d0b147a378f2
2022-02-16 12:34:43.209124,test49,net3c,simple_secaas-medium_secaas-complex_secaas,7,12,4,20,qa,264,1614,-,-,39133.2,35844.2,8452.2,27392.0,3289.0,100,855.0,0.09202885627746582,40.0,100,4855514b-2ed1-453c-9068-d85418b0f44f
2022-02-16 12:36:03.925409,test49,net3c,simple_secaas-medium_secaas-complex_secaas,7,12,4,20,qa,264,1509,-,-,39809.8,36761.8,8447.8,28314.0,3048.0,50,450.0,0.12769603729248047,40.0,100,a1ca2369-dd38-4ace-82a1-a350a7c7704b
2022-02-16 16:50:54.655741,test63,net3c,x4simple_secaas,7,12,4,12,sa,240,-,-,0.5598058700561523,--,-,-,-,-,-,0.0,0.008208990097045898,-,100,-
2022-02-16 16:51:07.301905,test63,net3c,x4simple_secaas,7,12,4,12,tabu,240,-,2.222156047821045,-,--,-,-,-,-,-,0.0,0.01271510124206543,-,100,-
2022-02-16 16:51:55.580170,test63,net3c,x4simple_secaas,7,12,4,12,qa,240,883,-,-,33902.4,31513.4,8449.4,23064.0,2389.0,50,100.0,0.008857011795043945,50.0,100,6208b3b0-9c3c-4db1-9b8e-947276d3c50d
2022-02-16 16:52:31.444769,test63,net3c,x4simple_secaas,7,12,4,12,qa,240,925,-,-,35792.6,33876.6,8452.6,25424.0,1916.0,75,240.0,0.008321762084960938,50.0,100,abf0547e-b64d-434b-a56f-64659ff8b148
2022-02-16 16:53:00.770891,test63,net3c,x4simple_secaas,7,12,4,12,qa,240,855,-,-,39890.8,34285.8,8447.8,25838.0,5605.0,30,1900.0,0.01054692268371582,50.0,100,3d72a53c-95e0-4389-90ee-c6b7326b0cff
2022-02-16 16:53:30.818948,test63,net3c,x4simple_secaas,7,12,4,12,qa,240,901,-,-,30398.0,27813.0,8451.0,19362.0,2585.0,50,160.0,0.008502721786499023,50.0,100,b2947e04-4f84-4ba9-9155-755e19d2e585
2022-02-16 16:54:02.839473,test63,net3c,x4simple_secaas,7,12,4,12,qa,240,928,-,-,271382.2,252490.2,8450.2,244040.0,18892.0,50,100.0,0.012922048568725586,50.0,1000,3723ab1b-cb77-41f5-b6cc-d9d5ca728623
2022-02-16 16:54:52.683990,test63,net3c,x4simple_secaas,7,12,4,12,qa,240,891,-,-,300252.2,281592.2,8452.2,273140.0,18660.0,60,100.0,0.011873006820678711,50.0,1000,f145b21c-a386-410b-9d51-11fe09a090aa
2022-02-16 16:55:41.371469,test63,net3c,x4simple_secaas,7,12,4,12,qa,240,900,-,-,2753616.0,2562853.0,8453.0,2554400.0,190763.0,60,100.0,0.012037992477416992,50.0,10000,799dd358-ffce-4cdb-a00b-729783f5e56f
2022-02-16 16:56:19.713701,test63,net3c,x4simple_secaas,7,12,4,12,qa,240,894,-,-,2800838.6,2621852.6,8452.6,2613400.0,178986.0,50,40.0,0.012636899948120117,50.0,10000,641cb04a-66be-4e4a-b1dc-01773b685e71
2022-02-16 16:57:42.746137,test63,net3c,x4simple_secaas,7,12,4,12,qa,240,879,-,-,2890052.8,2735049.8,8449.8,2726600.0,155003.0,46,140.0,0.010084152221679688,50.0,10000,780cfab3-3c04-4bcf-b739-17966193202d
2022-02-17 10:48:43.445723,test77,net1,medium_secaas,5,8,1,3,sa,76,-,-,0.2314929962158203,--,-,-,-,-,-,24.0,0.011266946792602539,-,100,-
2022-02-17 10:49:20.443275,test77,net1,medium_secaas,5,8,1,3,tabu,76,-,2.231091260910034,-,--,-,-,-,-,-,24.0,0.007133960723876953,-,100,-
2022-02-17 10:40:49.897735,test76,net1,medium_secaas,5,8,1,3,sa,76,-,-,0.1900959014892578,--,-,-,-,-,-,20.0,0.007539033889770508,-,100,-
2022-02-17 10:41:09.581452,test76,net1,medium_secaas,5,8,1,3,tabu,76,-,2.221649169921875,-,--,-,-,-,-,-,20.0,0.00698542594909668,-,100,-
2022-02-17 10:41:48.675642,test76,net1,medium_secaas,5,8,1,3,qa,76,375,-,-,33223.0,30991.0,8453.0,22538.0,2232.0,150,110.0,0.014923095703125,60.0,100,b88dd510-38a2-423d-9f4f-784db041a315
2022-02-17 10:43:30.836377,test76,net1,medium_secaas,5,8,1,3,qa,76,385,-,-,29070.4,28191.4,8449.4,19742.0,879.0,50,86.0,0.0075151920318603516,60.0,100,2374e166-d76f-43b7-ae7b-30a74eca5692
2022-02-17 10:44:12.342184,test76,net1,medium_secaas,5,8,1,3,qa,76,346,-,-,33166.4,29643.4,8449.4,21194.0,3523.0,30,96.0,0.0073070526123046875,60.0,100,443c6857-e962-4c36-9b74-3ab0c48a8857
2022-02-17 10:44:53.541754,test76,net1,medium_secaas,5,8,1,3,qa,76,406,-,-,210200.6,204368.6,8448.6,195920.0,5832.0,50,67.0,0.015255212783813477,60.0,1000,07c2864c-3a7f-4316-9694-9d014ebcc8b8
2022-02-17 10:45:29.767024,test76,net1,medium_secaas,5,8,1,3,sa,76,-,-,1.7510511875152588,--,-,-,-,-,-,20.0,0.006932973861694336,-,1000,-
2022-02-17 10:46:35.280500,test76,net1,medium_secaas,5,8,1,3,qa,76,355,-,-,1556124.2,1495052.2,8452.2,1486600.0,61072.0,50,101.0,0.010185003280639648,60.0,10000,a9d9ffca-c55b-453e-9387-6d9d392d99c2
2022-02-17 10:48:24.786344,test76,net1,medium_secaas,5,8,1,3,sa,76,-,-,17.742950201034546,--,-,-,-,-,-,20.0,0.016727924346923828,-,10000,-
2022-02-17 10:48:35.418360,test76,net1,medium_secaas,5,8,1,3,sa,76,-,-,0.21026015281677246,--,-,-,-,-,-,20.0,0.009118080139160156,-,100,-
2022-02-16 16:48:47.056918,test62,net3c,x4complex_secaas,7,12,4,12,qa,384,2399,-,-,3245008.6,2871048.6,8448.6,2862600.0,373960.0,75,694.0,0.3160219192504883,50.0,10000,4a841c7c-5f23-467b-8196-6b332e8f73fd
2022-02-16 16:50:17.754470,test62,net3c,x4complex_secaas,7,12,4,12,sa,384,-,-,0.9376430511474609,--,-,-,-,-,-,164.0,0.24721193313598633,-,100,-
2022-02-16 17:10:14.380208,test66,net3c,x3simple_secaas,7,12,4,12,sa,72,-,-,0.18619108200073242,--,-,-,-,-,-,27.0,0.004743814468383789,-,100,-
2022-02-16 17:10:34.775169,test66,net3c,x3simple_secaas,7,12,4,12,tabu,72,-,2.1319379806518555,-,--,-,-,-,-,-,27.0,0.0031609535217285156,-,100,-
2022-02-16 17:11:00.920177,test66,net3c,x3simple_secaas,7,12,4,12,qa,72,252,-,-,29977.4,25445.4,8449.4,16996.0,4532.0,150,27.0,0.004873037338256836,50.0,100,6aef5bd1-c03a-4924-8b09-00b1b8728902
2022-02-16 19:51:52.402336,test72,net1,medium_secaas,5,8,1,3,sa,32,-,-,0.0885162353515625,--,-,-,-,-,-,0.0,0.005373239517211914,-,100,-
2022-02-16 19:52:12.123314,test72,net1,medium_secaas,5,8,1,3,tabu,32,-,2.109805107116699,-,--,-,-,-,-,-,0.0,0.0027337074279785156,-,100,-
2022-02-16 19:53:01.461178,test72,net1,medium_secaas,5,8,1,3,tabu,32,-,2.105154037475586,-,--,-,-,-,-,-,0.0,0.002404928207397461,-,100,-
2022-02-16 19:53:25.714478,test72,net1,medium_secaas,5,8,1,3,qa,32,101,-,-,30098.8,27807.8,8447.8,19360.0,2291.0,125,0.0,0.0028247833251953125,50.0,100,46d42b03-da38-4f12-bf94-00364c039dec
2022-02-16 19:54:11.803489,test73,net1,medium_secaas,5,8,1,3,qa,32,101,-,-,26217.4,25441.4,8445.4,16996.0,776.0,125,24.0,0.0029561519622802734,50.0,100,aba80786-08af-4edb-bca2-abce773520f8
2022-02-16 19:54:34.790135,test73,net1,medium_secaas,5,8,1,3,sa,32,-,-,0.06946086883544922,--,-,-,-,-,-,24.0,0.0030388832092285156,-,100,-
2022-02-16 19:54:45.457688,test73,net1,medium_secaas,5,8,1,3,tabu,32,-,2.1085660457611084,-,--,-,-,-,-,-,24.0,0.0029959678649902344,-,100,-
2022-02-16 17:12:27.318825,test67,net3c,x3simple_secaas,7,12,4,12,sa,128,-,-,0.3917572498321533,--,-,-,-,-,-,27.0,0.018288850784301758,-,100,-
2022-02-16 17:12:37.820399,test67,net3c,x3simple_secaas,7,12,4,12,tabu,128,-,2.1607930660247803,-,--,-,-,-,-,-,27.0,0.019730806350708008,-,100,-
2022-02-16 17:14:39.604049,test67,net3c,x3simple_secaas,7,12,4,12,qa,128,1250,-,-,35586.4,33251.4,8453.4,24798.0,2335.0,150,139.0,0.03550982475280762,50.0,100,224c85e9-cc41-4dca-a231-635a3aa3618c
2022-02-16 17:17:32.681657,test67,net3c,x3simple_secaas,7,12,4,12,qa,128,1263,-,-,2662594.8,2436253.8,8453.8,2427800.0,226341.0,150,89.0,0.01974177360534668,50.0,10000,6eb3313f-ba43-4a71-b257-97587ac5d84d
2022-02-16 18:05:28.624073,test67,net3c,x3simple_secaas,7,12,4,12,qa,128,1335,-,-,2755006.0,2562453.0,8453.0,2554000.0,192553.0,175,75.0,0.04109621047973633,50.0,10000,794463f7-686b-4e9b-9e3d-3824c211762e
2022-02-16 18:08:10.825797,test67,net3c,x3simple_secaas,7,12,4,12,sa,128,-,-,0.4855961799621582,--,-,-,-,-,-,27.0,0.018197059631347656,-,100,-
2022-02-16 18:55:58.717619,test67,net3c,x3simple_secaas,7,12,4,12,qa,128,1217,-,-,2811225.0,2600449.0,8449.0,2592000.0,210776.0,150,315.0,0.031672000885009766,50.0,10000,597d9676-7ff0-49fb-83e5-89231bfd2d3f
2022-02-16 19:44:20.380663,test71,net3c,simple_secaas-medium_secaas,7,12,4,12,qa,126,1071,-,-,2587929.0,2450647.0,8447.0,2442200.0,137282.0,150,82.0,0.02313709259033203,50.0,10000,12e5f0f3-b91b-42fe-be10-7555b99f9602
2022-02-16 19:45:07.994489,test71,net3c,simple_secaas-medium_secaas,7,12,4,12,sa,126,-,-,30.648401975631714,--,-,-,-,-,-,4.0,0.03345894813537598,-,10000,-
2022-02-16 19:48:34.303552,test71,net3c,simple_secaas-medium_secaas,7,12,4,12,qa,126,1203,-,-,2632672.0,2435449.0,8449.0,2427000.0,197223.0,125,122.0,0.03481292724609375,50.0,10000,fda93fa3-1855-48f8-bcaa-b311a97f4570
2022-02-16 17:08:03.909035,test65,net3c,x3simple_secaas,7,12,4,12,sa,72,-,-,0.18211698532104492,--,-,-,-,-,-,0.0,0.002074003219604492,-,100,-
2022-02-16 17:08:15.887108,test65,net3c,x3simple_secaas,7,12,4,12,tabu,72,-,2.1947290897369385,-,--,-,-,-,-,-,0.0,0.002225160598754883,-,100,-
2022-02-16 17:08:53.975165,test65,net3c,x3simple_secaas,7,12,4,12,qa,72,250,-,-,33298.4,29915.4,8449.4,21466.0,3383.0,150,0.0,0.0015549659729003906,50.0,100,782c9d0c-6788-4d83-b1ce-cda67b0d1114
2022-02-16 17:00:01.908108,test64,net3c,x10simple_secaas,7,12,4,12,sa,240,-,-,0.6339890956878662,--,-,-,-,-,-,90.0,0.03204512596130371,-,100,-
2022-02-16 17:00:14.749489,test64,net3c,x10simple_secaas,7,12,4,12,tabu,240,-,2.2084789276123047,-,--,-,-,-,-,-,90.0,0.020604848861694336,-,100,-
2022-02-16 17:00:52.941565,test64,net3c,x10simple_secaas,7,12,4,12,qa,240,892,-,-,40172.4,37629.4,8451.4,29178.0,2543.0,100,603.0,0.024163007736206055,50.0,100,9ca35a73-b3ee-45a9-8370-114b6e76fb36
2022-02-16 17:01:33.843166,test64,net3c,x10simple_secaas,7,12,4,12,qa,240,892,-,-,41122.8,37055.8,8457.8,28598.0,4067.0,75,3647.0,0.023174047470092773,50.0,100,5a865e58-2e98-4b17-9439-e4f64febd47d
2022-02-16 17:01:58.856612,test64,net3c,x10simple_secaas,7,12,4,12,qa,240,899,-,-,38873.0,36297.0,8451.0,27846.0,2576.0,150,426.0,0.01582193374633789,50.0,100,691a8e4b-c2fe-4fe8-9ee2-3bb8265e8aa1
2022-02-16 17:02:26.809904,test64,net3c,x10simple_secaas,7,12,4,12,qa,240,861,-,-,40559.0,37351.0,8451.0,28900.0,3208.0,200,721.0,0.028365135192871094,50.0,100,892ed81a-55a3-4a53-aa90-cbae19ed0360
2022-02-16 17:02:54.247364,test64,net3c,x10simple_secaas,7,12,4,12,qa,240,887,-,-,231189.6,210814.6,8454.6,202360.0,20375.0,150,326.0,0.0185549259185791,50.0,1000,886a2cf0-b0a8-455c-a60a-13a0115848fa
2022-02-16 17:03:31.862645,test64,net3c,x10simple_secaas,7,12,4,12,qa,240,912,-,-,3039374.0,2861049.0,8449.0,2852600.0,178325.0,150,267.0,0.01569986343383789,50.0,10000,1380c516-be31-4851-bfe8-1c2266460af3
2022-02-16 17:05:02.619717,test64,net3c,x10simple_secaas,7,12,4,12,qa,240,847,-,-,2744309.6,2605054.6,8454.6,2596600.0,139255.0,175,326.0,0.024590730667114258,50.0,10000,8cba592c-a63b-4c32-bdb6-0adf8a5150d4
2022-02-16 17:07:53.090720,test64,net3c,x3simple_secaas,7,12,4,12,sa,240,-,-,0.6542470455169678,--,-,-,-,-,-,90.0,0.023272991180419922,-,100,-
2022-02-16 19:09:18.003664,test70,net3c,simple_secaas-medium_secaas,7,12,4,12,sa,126,-,-,0.45678091049194336,--,-,-,-,-,-,37.0,0.02751898765563965,-,100,-
2022-02-16 19:09:28.626484,test70,net3c,simple_secaas-medium_secaas,7,12,4,12,tabu,126,-,2.144881248474121,-,--,-,-,-,-,-,37.0,0.016920804977416992,-,100,-
2022-02-16 19:12:58.617387,test70,net3c,simple_secaas-medium_secaas,7,12,4,12,qa,126,1248,-,-,2647018.2,2461652.2,8452.2,2453200.0,185366.0,150,67.0,0.018272876739501953,50.0,10000,ddaaf91d-e127-483d-88da-61105202ba6c
2022-02-16 19:16:49.116154,test70,net3c,simple_secaas-medium_secaas,7,12,4,12,qa,126,1157,-,-,2622708.0,2430647.0,8447.0,2422200.0,192061.0,175,139.0,0.01885700225830078,50.0,10000,631191c4-37b2-4ca2-84fa-3353f33e3d5c
2022-02-16 19:19:56.936444,test70,net3c,simple_secaas-medium_secaas,7,12,4,12,qa,126,1293,-,-,2654931.8,2457249.8,8449.8,2448800.0,197682.0,200,127.0,0.026623964309692383,50.0,10000,e1fb2176-e694-4e0a-9a0a-68c7b3ea9466
2022-02-16 19:22:40.228466,test70,net3c,simple_secaas-medium_secaas,7,12,4,12,qa,126,1224,-,-,2024013.4,1855647.4,8447.4,1847200.0,168366.0,175,139.0,0.01917719841003418,50.0,10000,d4afbc8a-ab23-4a3c-9aa2-4f6c33f3bc1b
2022-02-16 19:25:11.501611,test70,net3c,simple_secaas-medium_secaas,7,12,4,12,qa,126,1139,-,-,2435443.4,2264055.4,8455.4,2255600.0,171388.0,250,133.0,0.01731109619140625,50.0,10000,5eeebd8e-f325-4ba2-b345-402bdc5b7cf9
2022-02-16 19:27:45.085249,test70,net3c,simple_secaas-medium_secaas,7,12,4,12,qa,126,1408,-,-,2779742.2,2590850.2,8450.2,2582400.0,188892.0,350,164.0,0.019827842712402344,50.0,10000,4ff27df0-b289-4224-8fb7-5155790eabca
2022-02-16 19:31:28.388640,test70,net3c,simple_secaas-medium_secaas,7,12,4,12,qa,126,1140,-,-,2654792.6,2466844.6,8444.6,2458400.0,187948.0,500,223.0,0.03288078308105469,50.0,10000,5d8b45c4-27f6-4b6a-907f-c3817b97f901
2022-02-16 19:33:54.680332,test70,net3c,simple_secaas-medium_secaas,7,12,4,12,qa,126,1178,-,-,2706718.0,2498653.0,8453.0,2490200.0,208065.0,100,183.0,0.022349119186401367,50.0,10000,6a455b13-416e-4ab7-84a6-7a9bd22a2d63
2022-02-16 19:40:17.474632,test70,net3c,simple_secaas-medium_secaas,7,12,4,12,qa,126,1287,-,-,2782784.6,2568450.6,8450.6,2560000.0,214334.0,150,137.0,0.018166065216064453,60.0,10000,16c617b0-9d12-4de1-9f05-f0e3833d05cb
2022-02-16 10:28:57.428151,test39,net3b,simple_secaas-medium_secaas,8,11,2,5,sa,66,-,-,13.214648962020874,--,-,-,-,-,-,33.0,0.0066907405853271484,-,10000,-
2022-02-16 10:29:58.611696,test39,net3b,simple_secaas-medium_secaas,8,11,2,5,tabu,66,-,2.11421275138855,-,--,-,-,-,-,-,33.0,0.006036043167114258,-,100,-
2022-02-16 10:30:09.040488,test39,net3b,simple_secaas-medium_secaas,8,11,2,5,sa,66,-,-,0.19173693656921387,--,-,-,-,-,-,33.0,0.006311893463134766,-,100,-
2022-02-16 10:30:18.770183,test39,net3b,simple_secaas-medium_secaas,8,11,2,5,sa,66,-,-,0.16452503204345703,--,-,-,-,-,-,33.0,0.007200956344604492,-,100,-
2022-02-16 10:30:41.233029,test39,net3b,simple_secaas-medium_secaas,8,11,2,5,qa,66,244,-,-,28488.6,25548.6,8450.6,17098.0,2940.0,150,33.0,0.0070421695709228516,10.0,100,6bc798a1-713c-4062-9835-481e67ef09e5
2022-02-16 10:22:55.375076,test38,net3b,simple_secaas-medium_secaas,8,11,2,5,qa,66,241,-,-,29626.6,28390.6,8448.6,19942.0,1236.0,100,350.0,0.006774187088012695,20.0,100,65888805-5e17-4659-9585-4943af581d77
2022-02-16 10:23:17.157120,test38,net3b,simple_secaas-medium_secaas,8,11,2,5,sa,66,-,-,0.20345091819763184,--,-,-,-,-,-,0.0,0.010044097900390625,-,100,-
2022-02-16 10:23:32.971352,test38,net3b,simple_secaas-medium_secaas,8,11,2,5,tabu,66,-,2.119676351547241,-,--,-,-,-,-,-,0.0,0.01892399787902832,-,100,-
2022-02-16 10:24:12.218097,test38,net3b,simple_secaas-medium_secaas,8,11,2,5,qa,66,264,-,-,28234.6,27352.6,8452.6,18900.0,882.0,100,150.0,0.004971027374267578,20.0,100,4f22b68e-cb7b-44c6-8d24-d9548221f7da
2022-02-16 10:24:52.327685,test38,net3b,simple_secaas-medium_secaas,8,11,2,5,qa,66,287,-,-,26062.6,23520.6,8448.6,15072.0,2542.0,150,50.0,0.005093812942504883,20.0,100,908b2d3e-40dc-489f-bac3-a140545291a4
2022-02-16 10:25:15.458713,test38,net3b,simple_secaas-medium_secaas,8,11,2,5,qa,66,262,-,-,27280.2,26644.2,8450.2,18194.0,636.0,200,150.0,0.005330324172973633,20.0,100,ad2a5726-35a1-4ea1-a7fc-dd1f7f5e9880
2022-02-16 10:25:45.527436,test38,net3b,simple_secaas-medium_secaas,8,11,2,5,qa,66,254,-,-,188334.2,181112.2,8452.2,172660.0,7222.0,150,50.0,0.006628990173339844,20.0,1000,13adcf4c-2381-4062-8cbf-82b5eb7f16b2
2022-02-16 10:26:23.655110,test38,net3b,simple_secaas-medium_secaas,8,11,2,5,qa,66,259,-,-,211629.8,206911.8,8451.8,198460.0,4718.0,100,100.0,0.0050089359283447266,20.0,1000,500fb278-4867-4469-8c5c-e8e87bfe271b
2022-02-16 10:26:54.681184,test38,net3b,simple_secaas-medium_secaas,8,11,2,5,qa,66,264,-,-,1627973.6,1586848.6,8448.6,1578400.0,41125.0,150,0.0,0.006425142288208008,20.0,10000,f8c017dd-5d21-4c48-b646-64ae6a9d082b
2022-02-16 10:27:46.676550,test38,net3b,simple_secaas-medium_secaas,8,11,2,5,qa,66,263,-,-,1434283.4,1392851.4,8451.4,1384400.0,41432.0,150,0.0,0.0044748783111572266,10.0,10000,7834d275-c434-48d4-afc5-77232b4c292e
